Matrix,1 Threads
08blocks,1427.0
1138_bus,5094.0
130bit,5148.0
145bit,8918.0
162bit,32194.0
176bit,108034.0
192bit,240736.0
2D_27628_bjtcai,346115.0
2cubes_sphere,1637500.0
3elt,24457.0
3elt_dual,32883.0
494_bus,2554.0
662_bus,3323.0
685_bus,3778.0
ABACUS_shell_ud,188345.0
ACTIVSg10K,220228.0
ACTIVSg2000,22054.0
ACTIVSg70K,785520.0
ASIC_320k,3349110.0
ASIC_320ks,4604990.0
ASIC_680ks,4410560.0
Alemdar,57587.0
BenElechi1,12519900.0
Binaryalphadigs_10NN,14928.0
CAG_mat1916,107804.0
CAG_mat364,9440.0
CAG_mat72,1401.0
CSphd,2857.0
California,20926.0
Chebyshev1,2435.0
Chebyshev2,14019.0
Chebyshev3,27646.0
Chem97Zt,38717.0
Chem97ZtZ,6567.0
Cities,1542.0
CollegeMsg,13899.0
CurlCurl_0,92582.0
D6-6,290634.0
DK01R,8855.0
D_10,5571.0
D_11,2590.0
D_5,2527.0
D_6,6212.0
D_7,10013.0
D_8,10818.0
D_9,8952.0
Dubcova2,719139.0
EPA,8629.0
EVA,6180.0
EX1,5942.0
EX2,5994.0
EX3,53043.0
EX4,54359.0
Ecoli_10NN,3840.0
Erdos02,17128.0
Erdos971,3051.0
Erdos972,15029.0
Erdos981,3106.0
Erdos982,15164.0
Erdos991,3226.0
Erdos992,16054.0
FA,98281.0
Fashion_MNIST_norm_10NN,220034.0
Franz1,5195.0
Franz10,102704.0
Franz2,17222.0
Franz3,9807.0
Franz4,41985.0
Franz5,36583.0
Franz6,37614.0
Franz7,26917.0
Franz8,82352.0
Franz9,103003.0
Freescale1,25161200.0
G1,25571.0
G10,24679.0
G11,2760.0
G12,2787.0
G13,2756.0
G14,7148.0
G15,7032.0
G16,7138.0
G17,7194.0
G18,7134.0
G19,7046.0
G2,24925.0
G20,7224.0
G21,7194.0
G22,29843.0
G23,29160.0
G24,27754.0
G25,27237.0
G26,30244.0
G27,29688.0
G28,29801.0
G29,27522.0
G3,24479.0
G30,27515.0
G31,28282.0
G32,6091.0
G33,5911.0
G34,5915.0
G35,16982.0
G36,16780.0
G37,16787.0
G38,17160.0
G39,16939.0
G4,25916.0
G40,16897.0
G41,17122.0
G42,16779.0
G43,12871.0
G44,13388.0
G45,13058.0
G46,13170.0
G47,13003.0
G48,8682.0
G49,8554.0
G5,24412.0
G50,8540.0
G51,8784.0
G52,8739.0
G53,8714.0
G54,8967.0
G55,27822.0
G56,33834.0
G57,13706.0
G58,73387.0
G59,65480.0
G6,24561.0
G60,58321.0
G61,53901.0
G62,18821.0
G63,110363.0
G64,111888.0
G65,21363.0
G66,23960.0
G67,26505.0
G7,24442.0
G8,24445.0
G9,24752.0
GD00_a,1261.0
GD00_c,1981.0
GD01_Acap,1395.0
GD01_a,1365.0
GD01_b,648.0
GD01_c,762.0
GD02_a,713.0
GD02_b,870.0
GD06_Java,7962.0
GD06_theory,1090.0
GD95_a,673.0
GD95_b,749.0
GD95_c,878.0
GD96_a,2870.0
GD96_b,839.0
GD96_c,844.0
GD96_d,909.0
GD97_a,891.0
GD97_b,860.0
GD97_c,1167.0
GD98_a,679.0
GD98_b,870.0
GD98_c,1054.0
GD99_b,814.0
GD99_c,826.0
GL6_D_10,2156.0
GL6_D_6,2990.0
GL6_D_7,4886.0
GL6_D_8,5118.0
GL6_D_9,3701.0
GL7d10,613.0
GL7d11,2636.0
GL7d12,64365.0
GL7d16,29442500.0
GL7d21,50012400.0
GL7d25,64055.0
GL7d26,6200.0
Ga41As41H72,17950500.0
Glass_10NN,2724.0
GlossGT,822.0
Goodwin_010,21041.0
Goodwin_013,38092.0
Goodwin_017,65560.0
Goodwin_023,125724.0
Hamrle1,711.0
Hamrle2,22266.0
Harvard500,2947.0
IG5-10,7388.0
IG5-11,14477.0
IG5-12,34521.0
IG5-13,87421.0
IG5-14,181284.0
IG5-17,1028010.0
IG5-18,1702950.0
IG5-6,820.0
IG5-7,1107.0
IG5-8,1929.0
IG5-9,3827.0
Ill_Stokes,227019.0
JapaneseVowelsSmall_10NN,197163.0
Journals,7199.0
Kaufhold,83682.0
Kemelmacher,112253.0
Kohonen,12205.0
L,4203.0
L-9,53975.0
LF10,694.0
LF10000,104637.0
LFAT5,645.0
LFAT5000,57894.0
LeGresley_2508,14000.0
LeGresley_4908,25194.0
Lederberg,51853.0
Lin,1593610.0
M10PI_n,2716.0
M10PI_n1,2341.0
M20PI_n,4317.0
M20PI_n1,3862.0
M40PI_n,7257.0
M40PI_n1,6847.0
M80PI_n,13524.0
M80PI_n1,13059.0
MISKnowledgeMap,55051.0
Maragal_1,793.0
Maragal_2,4076.0
Maragal_3,12252.0
Maragal_4,17444.0
Maragal_5,54280.0
Maragal_7,766510.0
Muu,100447.0
N_biocarta,5801.0
N_pid,11479.0
N_reactome,50008.0
NotreDame_yeast,6479.0
ODLIS,16365.0
OPF_3754,118810.0
Olivetti_norm_10NN,4557.0
Oregon-1,85486.0
Oregon-2,121996.0
PGPgiantcompo,110279.0
Pd,17299.0
Pd_rhs,11006.0
Plants_10NN,15328.0
QRpivot,4104.0
Ragusa16,715.0
Ragusa18,663.0
Raj1,1485500.0
Roget,5852.0
S10PI_n,2735.0
S10PI_n1,2373.0
S20PI_n,4287.0
S20PI_n1,3896.0
S40PI_n,7217.0
S40PI_n1,6815.0
S80PI_n,13530.0
S80PI_n1,13076.0
Sandi_authors,884.0
Sandi_sandi,1374.0
SciMet,11091.0
Si2,11432.0
Si41Ge41H72,14431100.0
Si87H76,10164200.0
SiH4,137591.0
SiNa,159823.0
SiO,1003820.0
SiO2,10111700.0
Sieber,13401.0
SmaGri,4625.0
SmallW,1441.0
Spectro_10NN,6968.0
Stranke94,712.0
TF10,1206.0
TF11,2008.0
TF12,3942.0
TF13,8769.0
TF14,22367.0
TF15,103554.0
TF16,328217.0
TF18,2333570.0
TS,29399.0
TSOPF_FS_b300_c3,11934300.0
TSOPF_FS_b9_c1,16127.0
TSOPF_FS_b9_c6,94774.0
TSOPF_RS_b162_c1,108598.0
TSOPF_RS_b2383,13491200.0
TSOPF_RS_b9_c6,40228.0
Tina_AskCal,632.0
Tina_AskCog,624.0
Tina_DisCal,636.0
Tina_DisCog,640.0
Trec10,5762.0
Trec11,15523.0
Trec12,62952.0
Trec3,588.0
Trec4,614.0
Trec5,619.0
Trec6,629.0
Trec7,731.0
Trec8,1041.0
Trec9,1900.0
Trefethen_150,2122.0
Trefethen_20,744.0
Trefethen_200,2694.0
Trefethen_2000,26535.0
Trefethen_200b,2692.0
Trefethen_20b,735.0
Trefethen_300,3613.0
Trefethen_500,6273.0
Trefethen_700,8885.0
USAir97,3476.0
USpowerGrid,16103.0
Vehicle_10NN,8191.0
Wordnet3,489790.0
WorldCities,6519.0
YaleA_10NN,2254.0
YaleB_10NN,28928.0
Zd_Jac2,902408.0
Zd_Jac3,1013600.0
Zd_Jac6,928773.0
Zewail,66667.0
Zhao1,168072.0
Zhao2,167982.0
aa01,38268.0
aa03,39074.0
aa3,39085.0
aa4,23967.0
aa5,38523.0
aa6,24688.0
abb313,2169.0
abtaha1,42265.0
abtaha2,98658.0
add20,14197.0
add32,23235.0
adder_dcop_01,11196.0
adder_dcop_02,9864.0
adder_dcop_03,9895.0
adder_dcop_04,9882.0
adder_dcop_05,10346.0
adder_dcop_06,10367.0
adder_dcop_07,9819.0
adder_dcop_08,11168.0
adder_dcop_09,9854.0
adder_dcop_10,9888.0
adder_dcop_11,10356.0
adder_dcop_12,9872.0
adder_dcop_13,11164.0
adder_dcop_14,9955.0
adder_dcop_15,10049.0
adder_dcop_16,9928.0
adder_dcop_17,9980.0
adder_dcop_18,9944.0
adder_dcop_19,10281.0
adder_dcop_20,10299.0
adder_dcop_21,10412.0
adder_dcop_22,9927.0
adder_dcop_23,9790.0
adder_dcop_24,9835.0
adder_dcop_25,10106.0
adder_dcop_26,11483.0
adder_dcop_27,9905.0
adder_dcop_28,11124.0
adder_dcop_29,9859.0
adder_dcop_30,9924.0
adder_dcop_31,9849.0
adder_dcop_32,9823.0
adder_dcop_33,10046.0
adder_dcop_34,9959.0
adder_dcop_35,10623.0
adder_dcop_36,11159.0
adder_dcop_37,9981.0
adder_dcop_38,9936.0
adder_dcop_39,10233.0
adder_dcop_40,9953.0
adder_dcop_41,9908.0
adder_dcop_42,10341.0
adder_dcop_43,9851.0
adder_dcop_44,10156.0
adder_dcop_45,10078.0
adder_dcop_46,11167.0
adder_dcop_47,9964.0
adder_dcop_48,10193.0
adder_dcop_49,9990.0
adder_dcop_50,10006.0
adder_dcop_51,9919.0
adder_dcop_52,11473.0
adder_dcop_53,9983.0
adder_dcop_54,10020.0
adder_dcop_55,9922.0
adder_dcop_56,10072.0
adder_dcop_57,9910.0
adder_dcop_58,10168.0
adder_dcop_59,10965.0
adder_dcop_60,11272.0
adder_dcop_61,9933.0
adder_dcop_62,10120.0
adder_dcop_63,10022.0
adder_dcop_64,10094.0
adder_dcop_65,11283.0
adder_dcop_66,10188.0
adder_dcop_67,10063.0
adder_dcop_68,9899.0
adder_dcop_69,11118.0
adder_trans_01,12720.0
adder_trans_02,12722.0
adjnoun,1333.0
af_0_k101,17350800.0
af_1_k101,17080400.0
af_2_k101,17332600.0
af_3_k101,17361200.0
af_4_k101,17218800.0
af_5_k101,17293100.0
af_shell1,16616900.0
af_shell2,16595600.0
af_shell3,16597400.0
af_shell4,16357800.0
af_shell5,16605700.0
af_shell6,16463100.0
af_shell7,16666000.0
af_shell8,16610000.0
af_shell9,16673300.0
aft01,85613.0
air02,25093.0
air03,37405.0
air04,35273.0
air05,27246.0
air06,37797.0
aircraft,16877.0
airfoil1,21811.0
airfoil1_dual,28870.0
ak2010,668275.0
appu,1217750.0
arc130,1705.0
as-22july06,224116.0
as-735,26194.0
as-caida,286154.0
ash219,1015.0
ash292,2485.0
ash331,1275.0
ash608,1783.0
ash85,1116.0
ash958,2427.0
astro-ph,384863.0
aug2d,62395.0
aug2dc,63532.0
aug3d,65718.0
aug3dcqp,136644.0
av41092,1282210.0
b1_ss,634.0
b2_ss,5059.0
b_dyn,5061.0
barth,33987.0
barth4,22306.0
barth5,113400.0
bauru5727,359313.0
baxter,119759.0
bayer02,61261.0
bayer03,44718.0
bayer04,175919.0
bayer05,20882.0
bayer06,21522.0
bayer07,20897.0
bayer08,21963.0
bayer09,18726.0
bayer10,108179.0
bbmat,1377430.0
bcspwr01,768.0
bcspwr02,762.0
bcspwr03,1103.0
bcspwr04,2109.0
bcspwr05,2357.0
bcspwr06,6255.0
bcspwr07,6671.0
bcspwr08,6928.0
bcspwr09,7150.0
bcspwr10,22022.0
bcsstk01,886.0
bcsstk02,2968.0
bcsstk03,1168.0
bcsstk04,4080.0
bcsstk05,2268.0
bcsstk06,5844.0
bcsstk07,6919.0
bcsstk08,9424.0
bcsstk09,11686.0
bcsstk10,14603.0
bcsstk11,21735.0
bcsstk12,22482.0
bcsstk13,64368.0
bcsstk14,42032.0
bcsstk15,88256.0
bcsstk18,232632.0
bcsstk19,6263.0
bcsstk20,3581.0
bcsstk21,19889.0
bcsstk22,1250.0
bcsstk23,36193.0
bcsstk24,90178.0
bcsstk26,20545.0
bcsstk27,32998.0
bcsstk28,125996.0
bcsstk34,14006.0
bcsstk35,953426.0
bcsstk36,762739.0
bcsstk37,846238.0
bcsstm01,734.0
bcsstm02,713.0
bcsstm03,782.0
bcsstm04,815.0
bcsstm05,836.0
bcsstm06,1216.0
bcsstm07,5373.0
bcsstm08,2188.0
bcsstm09,2189.0
bcsstm10,14073.0
bcsstm11,2734.0
bcsstm12,14137.0
bcsstm13,16530.0
bcsstm19,1763.0
bcsstm20,1275.0
bcsstm21,5658.0
bcsstm22,808.0
bcsstm23,5039.0
bcsstm24,5651.0
bcsstm25,21822.0
bcsstm26,3385.0
bcsstm27,34119.0
bcsstm34,14060.0
bcsstm35,31345.0
bcsstm37,24493.0
bcsstm38,14354.0
bcsstm39,64078.0
beacxc,22169.0
beaflw,23852.0
beause,21040.0
benzene,210350.0
bfly,132827.0
bfwa398,3478.0
bfwa62,1052.0
bfwa782,6338.0
bfwb398,3071.0
bfwb62,914.0
bfwb782,5667.0
bibd_11_5,2812.0
bibd_12_4,3556.0
bibd_12_5,5011.0
bibd_13_6,9201.0
bibd_14_7,28592.0
bibd_15_3,1693.0
bibd_15_7,63062.0
bibd_17_3,2068.0
bibd_17_4,6721.0
bibd_17_4b,6796.0
bibd_49_3,33404.0
bibd_81_2,5173.0
bibd_9_3,829.0
bibd_9_5,1454.0
big,126825.0
big_dual,114246.0
biplane-9,69095.0
bips07_1693,85681.0
bips07_1998,121708.0
bips07_2476,136968.0
bips07_3078,166875.0
bips98_1142,55508.0
bips98_1450,72222.0
bips98_606,31562.0
blckhole,13907.0
bloweya,114905.0
bloweybl,102260.0
bloweybq,53737.0
bmw3_2,10928700.0
bmwcra_1,9306350.0
bodyy4,126857.0
bodyy5,126278.0
bodyy6,122648.0
boyd1,1733260.0
boyd2,1527220.0
bp_0,3818.0
bp_1000,4688.0
bp_1200,4702.0
bp_1400,4772.0
bp_1600,4874.0
bp_200,4166.0
bp_400,4323.0
bp_600,4447.0
bp_800,4570.0
brainpc2,134368.0
bratu3d,155862.0
breasttissue_10NN,1710.0
bwm200,1284.0
bwm2000,6490.0
c-18,12928.0
c-19,16799.0
c-20,16374.0
c-21,22594.0
c-22,20335.0
c-23,22912.0
c-24,24405.0
c-25,33314.0
c-26,25123.0
c-27,23157.0
c-28,23806.0
c-29,29730.0
c-30,40042.0
c-31,50890.0
c-32,33451.0
c-33,37647.0
c-34,43983.0
c-35,53313.0
c-36,44228.0
c-37,62989.0
c-38,59642.0
c-39,106522.0
c-40,54128.0
c-41,94800.0
c-42,72324.0
c-43,79629.0
c-44,90992.0
c-45,102864.0
c-46,96985.0
c-47,143995.0
c-48,179069.0
c-49,215756.0
c-50,234584.0
c-51,225633.0
c-52,250278.0
c-73,949380.0
c-73b,944642.0
ca-CondMat,463323.0
ca-GrQc,42341.0
ca-HepPh,322025.0
ca-HepTh,123875.0
cage,4195.0
cage10,142652.0
cage3,603.0
cage4,624.0
cage5,809.0
cage6,1291.0
cage7,3027.0
cage8,9682.0
cage9,31279.0
can_1054,9471.0
can_1072,9549.0
can_144,1709.0
can_161,1858.0
can_187,1951.0
can_229,2167.0
can_24,753.0
can_256,2877.0
can_268,2962.0
can_292,2630.0
can_445,3722.0
can_61,1134.0
can_62,857.0
can_634,7275.0
can_715,5823.0
can_73,981.0
can_838,7852.0
can_96,1287.0
car4,45816.0
cari,61524.0
case9,94766.0
cat_ears_2_1,901.0
cat_ears_2_4,7106.0
cat_ears_3_1,1207.0
cat_ears_3_4,51505.0
cat_ears_4_1,1823.0
cat_ears_4_4,305035.0
cavity01,5125.0
cavity02,6484.0
cavity03,5117.0
cavity04,5363.0
cavity05,19970.0
cavity06,21243.0
cavity07,19941.0
cavity08,21196.0
cavity09,20072.0
cavity10,45269.0
cavity11,44972.0
cavity12,45143.0
cavity13,44964.0
cavity14,44790.0
cavity15,46511.0
cavity16,81038.0
cavity17,80697.0
cavity18,81114.0
cavity19,80932.0
cavity20,81228.0
cavity21,80926.0
cavity22,81028.0
cavity23,80739.0
cavity24,80455.0
cavity25,80705.0
cavity26,80959.0
cca,159749.0
ccc,181318.0
cdde1,5476.0
cdde2,5446.0
cdde3,5505.0
cdde4,5470.0
cdde5,5452.0
cdde6,5458.0
cegb3024,52849.0
cegb3306,48405.0
celegans_metabolic,3684.0
celegansneural,2720.0
cell1,38488.0
cell2,38674.0
cep1,7620.0
cfd1,1236620.0
ch,19375.0
ch3-3-b1,634.0
ch3-3-b2,625.0
ch4-4-b1,744.0
ch4-4-b2,1006.0
ch4-4-b3,692.0
ch5-5-b1,978.0
ch5-5-b2,2927.0
ch5-5-b3,2234.0
ch5-5-b4,1266.0
ch6-6-b1,1484.0
ch6-6-b2,9474.0
ch6-6-b3,14783.0
ch6-6-b4,23493.0
ch6-6-b5,4283.0
ch7-6-b1,1822.0
ch7-6-b2,16080.0
ch7-6-b3,34942.0
ch7-6-b4,80730.0
ch7-6-b5,25490.0
ch7-7-b1,2296.0
ch7-7-b2,27538.0
ch7-7-b5,182386.0
ch7-8-b1,2795.0
ch7-8-b2,43448.0
ch7-8-b3,155129.0
ch7-9-b1,3372.0
ch7-9-b2,64767.0
ch8-8-b1,3504.0
ch8-8-b2,69294.0
chem_master1,213313.0
chesapeake,935.0
circuit204,5880.0
circuit_1,24478.0
circuit_2,15688.0
circuit_3,48910.0
cis-n4c6-b1,1006.0
cis-n4c6-b13,60784.0
cis-n4c6-b14,10190.0
cis-n4c6-b15,1184.0
cis-n4c6-b2,5602.0
cis-n4c6-b3,16107.0
cis-n4c6-b4,105839.0
ck104,1428.0
ck400,2928.0
ck656,3744.0
cnae9_10NN,13532.0
co5,38325.0
co9,113148.0
coater1,13509.0
coater2,228212.0
collins_15NN,10925.0
commanche_dual,21244.0
complex,24649.0
comsol,54725.0
cond-mat,253974.0
cond-mat-2003,569960.0
copter1,159812.0
coupled,203981.0
cq5,33673.0
cq9,97495.0
cr42,5740.0
crack,70048.0
crack_dual,75004.0
crankseg_1,9355750.0
crankseg_2,12993300.0
crashbasis,1304080.0
crew1,20003.0
cryg10000,53655.0
cryg2500,13376.0
crystk03,976874.0
crystm01,66146.0
cs4,80459.0
cti,89012.0
curtis54,862.0
cvxqp3,90469.0
cz10228,99715.0
cz1268,11238.0
cz148,1890.0
cz20468,252197.0
cz2548,19332.0
cz308,3111.0
cz5108,39881.0
cz628,5278.0
d_dyn,881.0
d_dyn1,866.0
d_pretok,1560920.0
d_ss,788.0
dano3mip,47650.0
data,21806.0
dataset12mfeatfactors_10NN,21448.0
dataset16mfeatkarhunen_10NN,19168.0
dataset18mfeatmorphological_10NN,16724.0
dataset20mfeatpixel_10NN,19503.0
dataset22mfeatzernike_10NN,19598.0
dawson5,1085760.0
dbic1,1344270.0
dbir1,660060.0
dbir2,703150.0
de063155,4801.0
de063157,5247.0
de080285,5131.0
de2010,335827.0
delaunay_n10,6150.0
delaunay_n11,11297.0
delaunay_n12,22250.0
delaunay_n13,106472.0
delaunay_n14,246647.0
delaunay_n15,488179.0
delf,14302.0
deltaX,277964.0
dendrimer,34520.0
denormal,804074.0
dermatology_5NN,2803.0
descriptor_xingo6u,160144.0
deter0,10398.0
deter1,25927.0
deter2,28765.0
deter3,34017.0
deter4,15805.0
deter5,26154.0
deter6,19260.0
deter7,28364.0
deter8,18675.0
df2177,15122.0
diag,8025.0
dictionary28,541076.0
divorce,812.0
dolphins,899.0
dtoc,82746.0
dw1024,10670.0
dw2048,10753.0
dw256A,3139.0
dw256B,3143.0
dw4096,43104.0
dw8192,43361.0
dwa512,3105.0
dwb512,3142.0
dwt_1005,8712.0
dwt_1007,7603.0
dwt_1242,8842.0
dwt_162,1633.0
dwt_193,2928.0
dwt_198,1854.0
dwt_209,2131.0
dwt_221,2086.0
dwt_234,1552.0
dwt_245,1957.0
dwt_2680,20332.0
dwt_307,2743.0
dwt_310,2682.0
dwt_346,3191.0
dwt_361,3100.0
dwt_419,3465.0
dwt_492,3381.0
dwt_503,5025.0
dwt_512,3589.0
dwt_59,879.0
dwt_592,4742.0
dwt_607,4760.0
dwt_66,910.0
dwt_72,860.0
dwt_758,5589.0
dwt_869,6434.0
dwt_87,1093.0
dwt_878,6673.0
dwt_918,6542.0
dwt_992,11190.0
dynamicSoaringProblem_1,4850.0
dynamicSoaringProblem_2,11819.0
dynamicSoaringProblem_3,22774.0
dynamicSoaringProblem_4,27224.0
dynamicSoaringProblem_5,26322.0
dynamicSoaringProblem_6,27250.0
dynamicSoaringProblem_7,27348.0
dynamicSoaringProblem_8,27561.0
e18,235107.0
email,8605.0
email-Eu-core,14506.0
email-Eu-core-temporal,15529.0
epb0,8732.0
epb1,78820.0
epb2,141872.0
eris1176,12020.0
eurqsa,39285.0
ex1,4646.0
ex10,34710.0
ex10hs,35435.0
ex11,704915.0
ex12,51024.0
ex13,44204.0
ex14,43525.0
ex15,68453.0
ex18,51947.0
ex2,15525.0
ex20,48520.0
ex21,11935.0
ex22,15402.0
ex23,27797.0
ex24,33919.0
ex25,15344.0
ex26,59357.0
ex27,23721.0
ex28,47844.0
ex29,20923.0
ex3,32052.0
ex31,80079.0
ex32,9302.0
ex33,16236.0
ex35,186019.0
ex36,36806.0
ex37,49218.0
ex3sta1,73968.0
ex4,20705.0
ex5,826.0
ex6,31592.0
ex7,31458.0
ex8,63963.0
ex9,61360.0
extr1,11931.0
extr1b,11949.0
f855_mat9,106874.0
f855_mat9_I,107158.0
farm,627.0
fd12,30386.0
fd15,46759.0
fd18,66524.0
fe_4elt2,70649.0
fe_sphere,80455.0
filter2D,9804.0
flower_4_1,1096.0
flower_4_4,13191.0
flower_5_1,1281.0
flower_5_4,57164.0
flower_7_1,2020.0
flower_7_4,462005.0
flower_8_1,2501.0
flowmeter0,66480.0
flowmeter5,61751.0
foldoc,249655.0
fome11,167978.0
fome12,394899.0
fome20,558913.0
football,740.0
ford1,169959.0
fpga_dcop_01,6282.0
fpga_dcop_02,6237.0
fpga_dcop_03,6254.0
fpga_dcop_04,6284.0
fpga_dcop_05,6304.0
fpga_dcop_06,6252.0
fpga_dcop_07,6204.0
fpga_dcop_08,6331.0
fpga_dcop_09,6337.0
fpga_dcop_10,6233.0
fpga_dcop_11,6241.0
fpga_dcop_12,6254.0
fpga_dcop_13,6229.0
fpga_dcop_14,6245.0
fpga_dcop_15,6307.0
fpga_dcop_16,6240.0
fpga_dcop_17,6312.0
fpga_dcop_18,6270.0
fpga_dcop_19,6228.0
fpga_dcop_20,6307.0
fpga_dcop_21,6226.0
fpga_dcop_22,6322.0
fpga_dcop_23,6270.0
fpga_dcop_24,6328.0
fpga_dcop_25,6219.0
fpga_dcop_26,6414.0
fpga_dcop_27,6261.0
fpga_dcop_28,6232.0
fpga_dcop_29,6256.0
fpga_dcop_30,6377.0
fpga_dcop_31,6306.0
fpga_dcop_32,6293.0
fpga_dcop_33,6324.0
fpga_dcop_34,6342.0
fpga_dcop_35,6226.0
fpga_dcop_36,6361.0
fpga_dcop_37,6385.0
fpga_dcop_38,6244.0
fpga_dcop_39,6336.0
fpga_dcop_40,6234.0
fpga_dcop_41,6247.0
fpga_dcop_42,6250.0
fpga_dcop_43,6246.0
fpga_dcop_44,6249.0
fpga_dcop_45,6280.0
fpga_dcop_46,6288.0
fpga_dcop_47,6222.0
fpga_dcop_48,6315.0
fpga_dcop_49,6302.0
fpga_dcop_50,6256.0
fpga_dcop_51,6267.0
fpga_trans_01,7095.0
fpga_trans_02,7050.0
freeFlyingRobot_1,5042.0
freeFlyingRobot_10,31679.0
freeFlyingRobot_11,32409.0
freeFlyingRobot_12,34395.0
freeFlyingRobot_13,35937.0
freeFlyingRobot_14,35114.0
freeFlyingRobot_15,35307.0
freeFlyingRobot_16,35602.0
freeFlyingRobot_2,9446.0
freeFlyingRobot_3,10915.0
freeFlyingRobot_4,14984.0
freeFlyingRobot_5,19165.0
freeFlyingRobot_6,21209.0
freeFlyingRobot_7,24804.0
freeFlyingRobot_8,27633.0
freeFlyingRobot_9,30664.0
fs_183_1,1631.0
fs_183_3,1556.0
fs_183_4,1524.0
fs_183_6,1538.0
fs_541_1,4181.0
fs_541_2,4151.0
fs_541_3,4174.0
fs_541_4,4115.0
fs_680_1,3330.0
fs_680_2,3324.0
fs_680_3,3408.0
fs_760_1,5427.0
fs_760_2,5395.0
fs_760_3,5330.0
fv1,68829.0
fv2,70799.0
fv3,71895.0
fxm2-16,25045.0
fxm2-6,10285.0
fxm3_6,55356.0
g3rmt3m3,118593.0
g7jac010,16420.0
g7jac010sc,16686.0
g7jac020,36617.0
g7jac020sc,36097.0
g7jac040,158664.0
g7jac040sc,159364.0
g7jac050sc,204540.0
g7jac060,283313.0
g7jac060sc,284326.0
gams10a,1143.0
gams10am,1138.0
gams30a,2160.0
gams30am,2163.0
gams60am,4842.0
garon1,54271.0
gas11,2923.0
gas_sensor,1063240.0
ge,66491.0
gemat1,45356.0
gemat11,28426.0
gemat12,28616.0
gen,34760.0
gen1,34121.0
gen2,51398.0
gen4,65583.0
gent113,1259.0
geom,28719.0
goddardRocketProblem_1,6455.0
goddardRocketProblem_2,6820.0
gr_30_30,6822.0
graphics,83300.0
gre_1107,5844.0
gre_115,1159.0
gre_185,1607.0
gre_216a,1542.0
gre_216b,1543.0
gre_343,2097.0
gre_512,2906.0
grid1,1436.0
grid1_dual,1373.0
grid2,11424.0
grid2_dual,11176.0
gupta1,1602690.0
gyro,731388.0
gyro_k,729630.0
hangGlider_1,3282.0
hangGlider_2,11387.0
hangGlider_3,66429.0
hangGlider_4,111808.0
hangGlider_5,126719.0
har_10NN,213136.0
heart1,656600.0
hep-th,52390.0
hi2010,361801.0
hor_131,4255.0
hvdc1,313396.0
hvdc2,2736760.0
hydr1,23320.0
hydr1c,23034.0
ibm32,708.0
igbt3,220542.0
iiasa,6108.0
illc1033,5436.0
illc1850,9685.0
impcol_a,1264.0
impcol_b,947.0
impcol_c,1087.0
impcol_d,2293.0
impcol_e,1845.0
indianpines_10NN,171436.0
init_adder1,11289.0
internet,757329.0
invextr1_new,1213870.0
iprob,7054.0
iris_dataset_30NN,3796.0
jagmesh1,6631.0
jagmesh2,6922.0
jagmesh3,7376.0
jagmesh4,9338.0
jagmesh5,7741.0
jagmesh6,8949.0
jagmesh7,7372.0
jagmesh8,7330.0
jagmesh9,8932.0
jan99jac020,34513.0
jan99jac020sc,36149.0
jan99jac040,130629.0
jan99jac040sc,128815.0
jan99jac060,197907.0
jan99jac060sc,194495.0
jan99jac080,264771.0
jan99jac080sc,271228.0
jan99jac100,367074.0
jan99jac100sc,363770.0
jan99jac120,439817.0
jan99jac120sc,446343.0
jazz,5123.0
jendrec1,49147.0
jgl009,641.0
jgl011,699.0
jnlbrng1,210421.0
jpwh_991,5810.0
juba40k,361538.0
karate,813.0
karted,1763460.0
kineticBatchReactor_1,15235.0
kineticBatchReactor_2,32919.0
kineticBatchReactor_3,38032.0
kineticBatchReactor_4,63676.0
kineticBatchReactor_5,75377.0
kineticBatchReactor_6,74771.0
kineticBatchReactor_7,77628.0
kineticBatchReactor_8,80792.0
kineticBatchReactor_9,81893.0
kkt_power,24984400.0
kl02,98341.0
kleemin,647.0
klein-b1,669.0
klein-b2,644.0
kmnist_norm_10NN,214290.0
kneser_6_2_1,2890.0
kneser_8_3_1,75812.0
l30,34520.0
l9,4923.0
landmark,602759.0
language,3155910.0
lap_25,762.0
large,18930.0
laser,8790.0
lesmis,1054.0
lhr01,14040.0
lhr02,24608.0
lhr04,51246.0
lhr04c,51285.0
lhr07,93622.0
lhr07c,93710.0
lhr10,140678.0
lhr10c,140549.0
lhr11,141837.0
lhr11c,141008.0
lhr71,921175.0
lhr71c,919895.0
li,870403.0
linverse,54676.0
lns_131,1181.0
lns_3937,21539.0
lns_511,3288.0
lnsp3937,23147.0
lnsp_131,1240.0
lnsp_511,3294.0
lock1074,29175.0
lock2232,44045.0
lock3491,100570.0
lock_700,14675.0
lop163,1483.0
lowThrust_1,5121.0
lowThrust_10,228312.0
lowThrust_11,233435.0
lowThrust_12,227807.0
lowThrust_13,229752.0
lowThrust_2,18474.0
lowThrust_3,56588.0
lowThrust_4,119040.0
lowThrust_5,193756.0
lowThrust_6,206900.0
lowThrust_7,211161.0
lowThrust_8,216637.0
lowThrust_9,225451.0
lp22,48995.0
lp_25fv47,7882.0
lp_80bau3b,18764.0
lp_adlittle,1057.0
lp_afiro,691.0
lp_agg,3209.0
lp_agg2,4207.0
lp_agg3,4163.0
lp_bandm,2619.0
lp_beaconfd,2613.0
lp_blend,1075.0
lp_bnl1,4811.0
lp_bnl2,12361.0
lp_bore3d,1902.0
lp_brandy,2246.0
lp_capri,2256.0
lp_cre_a,18295.0
lp_cre_c,14969.0
lp_cre_d,209597.0
lp_cycle,17288.0
lp_czprob,6768.0
lp_d2q06c,22041.0
lp_d6cube,19181.0
lp_degen2,5045.0
lp_degen3,14944.0
lp_dfl001,51139.0
lp_e226,2554.0
lp_etamacro,2865.0
lp_fffff800,4906.0
lp_finnis,3178.0
lp_fit1d,6397.0
lp_fit1p,7003.0
lp_fit2d,53399.0
lp_fit2p,43052.0
lp_ganges,8003.0
lp_gfrd_pnc,3098.0
lp_greenbea,22244.0
lp_greenbeb,22208.0
lp_grow15,5525.0
lp_grow22,7200.0
lp_grow7,2452.0
lp_israel,2298.0
lp_kb2,910.0
lp_ken_07,10434.0
lp_ken_11,49403.0
lp_ken_13,99062.0
lp_lotfi,1612.0
lp_maros,9081.0
lp_maros_r7,82560.0
lp_modszk1,3389.0
lp_nug05,1808.0
lp_nug06,2565.0
lp_nug07,4438.0
lp_nug08,4646.0
lp_nug12,25697.0
lp_nug15,65061.0
lp_nug30,1279620.0
lp_osa_07,69271.0
lp_osa_60,1200900.0
lp_pds_02,14974.0
lp_pds_06,130061.0
lp_pds_10,262179.0
lp_pds_20,563131.0
lp_perold,5351.0
lp_pilot,27190.0
lp_pilot4,4221.0
lp_pilot87,41630.0
lp_pilot_ja,9721.0
lp_pilot_we,8206.0
lp_pilotnov,10532.0
lp_qap12,24404.0
lp_qap15,64707.0
lp_qap8,4637.0
lp_recipe,1180.0
lp_sc105,1002.0
lp_sc205,1363.0
lp_sc50a,784.0
lp_sc50b,803.0
lp_scagr25,2449.0
lp_scagr7,1162.0
lp_scfxm1,2852.0
lp_scfxm2,5045.0
lp_scfxm3,7232.0
lp_scorpion,2056.0
lp_scrs8,3480.0
lp_scsd1,2662.0
lp_scsd6,3285.0
lp_scsd8,6059.0
lp_sctap1,2319.0
lp_sctap2,6768.0
lp_sctap3,8772.0
lp_share1b,1543.0
lp_share2b,1316.0
lp_shell,3678.0
lp_ship04l,4823.0
lp_ship04s,4995.0
lp_ship08l,8808.0
lp_ship08s,7174.0
lp_ship12l,11302.0
lp_ship12s,8449.0
lp_sierra,7392.0
lp_stair,3645.0
lp_standata,2941.0
lp_standgub,3050.0
lp_standmps,3528.0
lp_stocfor1,1189.0
lp_stocfor2,9834.0
lp_stocfor3,74571.0
lp_truss,17366.0
lp_tuff,3308.0
lp_vtp_base,1615.0
lp_wood1p,24560.0
lp_woodw,19915.0
lpi_bgdbg1,2285.0
lpi_bgetam,2815.0
lpi_bgindy,40926.0
lpi_bgprtr,666.0
lpi_box1,1152.0
lpi_ceria3d,17154.0
lpi_chemcom,2031.0
lpi_cplex1,11116.0
lpi_cplex2,1814.0
lpi_ex72a,1071.0
lpi_ex73a,1062.0
lpi_forest6,860.0
lpi_galenet,617.0
lpi_gosh,62994.0
lpi_gran,14635.0
lpi_greenbea,22652.0
lpi_itest2,619.0
lpi_itest6,624.0
lpi_klein1,1222.0
lpi_klein2,4380.0
lpi_klein3,10808.0
lpi_mondou2,1931.0
lpi_pang,3007.0
lpi_pilot4i,4243.0
lpi_qual,2109.0
lpi_reactor,2727.0
lpi_refinery,2125.0
lpi_vol1,2127.0
lpi_woodinfe,767.0
lpl2,24004.0
lpl3,70992.0
lshp1009,7063.0
lshp1270,8575.0
lshp1561,10309.0
lshp1882,12378.0
lshp2233,14394.0
lshp2614,16846.0
lshp3025,19274.0
lshp3466,21898.0
lshp_265,2264.0
lshp_406,3153.0
lshp_577,4289.0
lshp_778,5452.0
lund_a,2257.0
lund_b,2248.0
lung1,8212.0
lutz30-23-b6,11276.0
luxembourg_osm,491570.0
m3plates,12117.0
mahindas,6662.0
majorbasis,1302160.0
man_5976,126072.0
mario001,201006.0
mark3jac020,54356.0
mark3jac020sc,52653.0
mark3jac040,139390.0
mark3jac040sc,131375.0
mark3jac060,207406.0
mark3jac060sc,214648.0
mark3jac080,298948.0
mark3jac080sc,301079.0
matrix_9,1324080.0
mbeacxc,22156.0
mbeaflw,22121.0
mbeause,19602.0
mcca,2348.0
mcfe,15958.0
meg1,36469.0
meg4,40962.0
memplus,109652.0
mesh1e1,877.0
mesh1em1,880.0
mesh1em6,877.0
mesh2e1,2483.0
mesh2em5,2466.0
mesh3e1,2476.0
mesh3em5,2424.0
mhd3200a,42332.0
mhd3200b,14922.0
mhd4800a,63291.0
mhd4800b,22646.0
mhda416,5950.0
mhdb416,2620.0
mice_10NN,10009.0
micromass_10NN,6768.0
mimo28x28_system,85113.0
mimo46x46_system,85257.0
mimo8x8_system,86086.0
minnesota,8254.0
minsurfo,215882.0
mixtank_new,1304210.0
mk10-b1,1811.0
mk10-b2,12143.0
mk10-b3,12979.0
mk10-b4,5751.0
mk11-b1,2439.0
mk11-b2,25914.0
mk11-b3,46470.0
mk11-b4,55148.0
mk11-b4b,50394.0
mk12-b1,3356.0
mk12-b2,51101.0
mk12-b3,137176.0
mk12-b5,53737.0
mk9-b1,1350.0
mk9-b2,5355.0
mk9-b3,3168.0
mnist_test_norm_10NN,203601.0
mod2,315070.0
model1,3075.0
model10,105260.0
model2,6404.0
model3,15759.0
model4,24020.0
model5,44945.0
model6,18306.0
model7,33792.0
model8,19870.0
model9,38242.0
msc00726,21849.0
msc01050,17491.0
msc01440,29609.0
msc04515,73253.0
msc10848,689520.0
msc23052,890751.0
msdoor,19752300.0
mult_dcop_01,405673.0
mult_dcop_02,407579.0
mult_dcop_03,407082.0
mycielskian10,23807.0
mycielskian11,69284.0
mycielskian2,592.0
mycielskian3,611.0
mycielskian4,645.0
mycielskian5,739.0
mycielskian6,991.0
mycielskian7,1680.0
mycielskian8,3573.0
mycielskian9,8235.0
n2c6-b1,818.0
n2c6-b10,943.0
n2c6-b2,2379.0
n2c6-b3,4234.0
n2c6-b4,16544.0
n2c6-b5,24698.0
n2c6-b6,37464.0
n2c6-b7,18630.0
n2c6-b8,11211.0
n2c6-b9,3037.0
n3c4-b1,629.0
n3c4-b2,638.0
n3c4-b3,640.0
n3c4-b4,625.0
n3c5-b1,705.0
n3c5-b2,1098.0
n3c5-b3,1217.0
n3c5-b4,2060.0
n3c5-b5,1738.0
n3c5-b6,1438.0
n3c5-b7,771.0
n3c6-b1,822.0
n3c6-b10,6310.0
n3c6-b11,1130.0
n3c6-b2,2383.0
n3c6-b3,4263.0
n3c6-b4,16472.0
n3c6-b5,25085.0
n3c6-b6,40234.0
n3c6-b7,28253.0
n3c6-b8,35858.0
n3c6-b9,19283.0
n4c5-b1,820.0
n4c5-b10,1701.0
n4c5-b11,697.0
n4c5-b2,2411.0
n4c5-b3,4243.0
n4c5-b4,15615.0
n4c5-b5,21826.0
n4c5-b6,29883.0
n4c5-b7,16341.0
n4c5-b8,14136.0
n4c5-b9,5405.0
n4c6-b1,1004.0
n4c6-b13,60224.0
n4c6-b14,10180.0
n4c6-b15,1187.0
n4c6-b2,5603.0
n4c6-b3,16206.0
n4c6-b4,107957.0
nasa1824,26741.0
nasa2146,43041.0
nasa2910,108489.0
nasa4704,74170.0
ncvxqp1,96549.0
ncvxqp9,61968.0
nd12k,13389400.0
nemeth21,591074.0
nemeth22,724275.0
nemeth23,786935.0
nemeth24,788619.0
nemeth25,774615.0
nemeth26,775989.0
nemsafm,2993.0
nemscem,3696.0
nemsemm1,511564.0
nemsemm2,164063.0
nemspmm1,36472.0
nemspmm2,40181.0
nemswrld,156899.0
neos,2305300.0
netscience,6520.0
netz4504,6187.0
netz4504_dual,2959.0
nh2010,723827.0
nl,37115.0
nmos3,380401.0
nnc1374,8160.0
nnc261,2074.0
nnc666,4293.0
nopoly,83959.0
nopss_11k,69284.0
nos1,1718.0
nos2,4893.0
nos3,11124.0
nos4,1147.0
nos5,4424.0
nos6,3982.0
nos7,4824.0
ns3Da,1226510.0
nsic,3173.0
nsir,92135.0
nug08-3rd,121654.0
obstclae,210511.0
odepa400,2131.0
odepb400,1174.0
olafu,627951.0
olm100,956.0
olm1000,3764.0
olm2000,6666.0
olm500,2315.0
olm5000,15355.0
onetone2,364439.0
optdigits_10NN,108069.0
orani678,39548.0
orbitRaising_1,3069.0
orbitRaising_2,5733.0
orbitRaising_3,5546.0
orbitRaising_4,6618.0
orsirr_1,6712.0
orsirr_2,5899.0
orsreg_1,13148.0
oscil_dcop_01,2178.0
oscil_dcop_02,2204.0
oscil_dcop_03,2181.0
oscil_dcop_04,2177.0
oscil_dcop_05,2184.0
oscil_dcop_06,2179.0
oscil_dcop_07,2183.0
oscil_dcop_08,2187.0
oscil_dcop_09,2210.0
oscil_dcop_10,2173.0
oscil_dcop_11,2229.0
oscil_dcop_12,2204.0
oscil_dcop_13,2174.0
oscil_dcop_14,2188.0
oscil_dcop_15,2270.0
oscil_dcop_16,2176.0
oscil_dcop_17,2190.0
oscil_dcop_18,2230.0
oscil_dcop_19,2236.0
oscil_dcop_20,2221.0
oscil_dcop_21,2206.0
oscil_dcop_22,2180.0
oscil_dcop_23,2178.0
oscil_dcop_24,2182.0
oscil_dcop_25,2174.0
oscil_dcop_26,2187.0
oscil_dcop_27,2179.0
oscil_dcop_28,2253.0
oscil_dcop_29,2189.0
oscil_dcop_30,2220.0
oscil_dcop_31,2222.0
oscil_dcop_32,2171.0
oscil_dcop_33,2179.0
oscil_dcop_34,2184.0
oscil_dcop_35,2182.0
oscil_dcop_36,2195.0
oscil_dcop_37,2178.0
oscil_dcop_38,2178.0
oscil_dcop_39,2277.0
oscil_dcop_40,2206.0
oscil_dcop_41,2170.0
oscil_dcop_42,2190.0
oscil_dcop_43,2175.0
oscil_dcop_44,2203.0
oscil_dcop_45,2172.0
oscil_dcop_46,2166.0
oscil_dcop_47,2236.0
oscil_dcop_48,2156.0
oscil_dcop_49,2185.0
oscil_dcop_50,2190.0
oscil_dcop_51,2251.0
oscil_dcop_52,2186.0
oscil_dcop_53,2181.0
oscil_dcop_54,2207.0
oscil_dcop_55,2186.0
oscil_dcop_56,2188.0
oscil_dcop_57,2195.0
oscil_trans_01,2267.0
p0033,703.0
p0040,750.0
p010,85807.0
p0201,2044.0
p0282,2343.0
p0291,2398.0
p05,32787.0
p0548,2023.0
p2756,8290.0
p2p-Gnutella04,50113.0
p2p-Gnutella05,30647.0
p2p-Gnutella06,28677.0
p2p-Gnutella08,18344.0
p2p-Gnutella09,24091.0
p2p-Gnutella24,99638.0
p2p-Gnutella25,70456.0
p2p-Gnutella30,131600.0
p2p-Gnutella31,246814.0
p6000,10824.0
pcb1000,13962.0
pcb3000,33909.0
pde225,1789.0
pde2961,16038.0
pde900,5199.0
pds-100,2817900.0
pds-90,2617530.0
pds10,297432.0
pesa,82031.0
pf2177,37252.0
pgp2,21802.0
photogrammetry,9405.0
photogrammetry2,27649.0
piston,56725.0
pivtol,977.0
plantsmargin_12NN,17239.0
plantstexture_10NN,15164.0
plat1919,21752.0
plat362,4609.0
plbuckle,19623.0
plddb,11962.0
plsk1919,5032.0
plskz362,1496.0
pltexpa,100560.0
poisson2D,2789.0
polblogs,12752.0
polbooks,1352.0
poli,9596.0
poli3,89093.0
poli4,123887.0
poli_large,46505.0
pores_1,764.0
pores_2,8100.0
pores_3,3482.0
power,15833.0
powersim,65292.0
primagaz,15284.0
problem,705.0
problem1,3112.0
progas,8648.0
psse0,79507.0
psse1,46489.0
psse2,89418.0
pwtk,11322300.0
qa8fk,1091210.0
qa8fm,1093110.0
qh1484,5897.0
qh768,3358.0
qh882,3772.0
qiulp,5267.0
qpband,45172.0
r05,60437.0
radfr1,9764.0
raefsky3,756063.0
raefsky4,733310.0
raefsky5,142169.0
raefsky6,100097.0
rail4284,13395200.0
rail_1357,8361.0
rail_20209,240082.0
rail_5177,32352.0
rajat01,45799.0
rajat02,10097.0
rajat03,36730.0
rajat04,7751.0
rajat05,2057.0
rajat06,54679.0
rajat07,71569.0
rajat08,92922.0
rajat09,118636.0
rajat10,146086.0
rajat11,1382.0
rajat12,10962.0
rajat13,43162.0
rajat14,1842.0
rajat19,5793.0
rajat21,3684480.0
rajat22,476294.0
rajat24,3971110.0
rajat26,621333.0
rajat27,229373.0
rbsa480,12557.0
rbsb480,11596.0
rdb1250,6916.0
rdb1250l,6876.0
rdb200,1743.0
rdb200l,1715.0
rdb2048,11219.0
rdb2048_noL,11070.0
rdb3200l,16744.0
rdb450,2949.0
rdb450l,2938.0
rdb5000,25775.0
rdb800l,4693.0
rdb968,5544.0
rdist1,57330.0
rdist2,37870.0
rdist3a,37206.0
refine,772.0
rel3,607.0
rel4,730.0
rel5,1322.0
rel6,5240.0
rel7,42859.0
relat3,627.0
relat4,772.0
relat5,1649.0
relat6,7131.0
relat7,61546.0
relat7b,61515.0
reorientation_1,5603.0
reorientation_2,13013.0
reorientation_3,22237.0
reorientation_4,24054.0
reorientation_5,24894.0
reorientation_6,25608.0
reorientation_7,25591.0
reorientation_8,27900.0
rgg010,690.0
ri2010,378481.0
rim,661228.0
rkat7_mat5,20406.0
robot,1382.0
robot24c1_mat5,9140.0
robot24c1_mat5_J,7782.0
rosen1,13839.0
rosen10,34963.0
rosen2,26094.0
rosen7,4694.0
rosen8,9681.0
rotor1,1237.0
rotor2,7891.0
route,145463.0
rw136,1178.0
rw496,2343.0
rw5151,15823.0
s1rmt3m1,124280.0
s2rmt3m1,124979.0
s3rmt3m1,125565.0
s3rmt3m3,116766.0
saylr1,1859.0
saylr3,4469.0
saylr4,20032.0
sc205-2r,132691.0
scagr7-2b,36112.0
scagr7-2c,9686.0
scagr7-2r,126420.0
scfxm1-2b,94560.0
scfxm1-2r,192146.0
scrs8-2b,7675.0
scrs8-2c,7703.0
scrs8-2r,55635.0
scsd8-2b,69860.0
scsd8-2c,70384.0
scsd8-2r,119282.0
sctap1-2b,84332.0
sctap1-2c,19116.0
sctap1-2r,157614.0
se,120967.0
semeion_10NN,15516.0
seymourl,50661.0
shar_te2-b1,31233.0
sherman1,4500.0
sherman2,16391.0
sherman3,20594.0
sherman4,4729.0
sherman5,17634.0
shermanACa,20246.0
shermanACb,300282.0
shermanACd,75763.0
shl_0,2380.0
shl_200,2445.0
shl_400,2480.0
shock-9,123529.0
shuttle_eddy,79220.0
shyy41,19004.0
sit100,82009.0
skirt,227960.0
slptsk,43761.0
small,3661.0
soc-sign-bitcoin-alpha,19406.0
soc-sign-bitcoin-otc,38041.0
south31,102133.0
spaceShuttleEntry_1,5350.0
spaceShuttleEntry_2,15645.0
spaceShuttleEntry_3,18822.0
spaceShuttleEntry_4,25743.0
spaceStation_1,1344.0
spaceStation_10,12182.0
spaceStation_11,13386.0
spaceStation_12,13649.0
spaceStation_13,16124.0
spaceStation_14,16412.0
spaceStation_2,4342.0
spaceStation_3,4217.0
spaceStation_4,9499.0
spaceStation_5,10570.0
spaceStation_6,11880.0
spaceStation_7,12363.0
spaceStation_8,12866.0
spaceStation_9,13154.0
sparsine,942067.0
sphere2,1030.0
sphere3,2345.0
spiral,12146.0
spmsrtls,179167.0
sstmodel,19147.0
stat96v5,115176.0
std1_Jac2,691628.0
std1_Jac3,781543.0
steam1,3235.0
steam2,9880.0
steam3,1271.0
stoch_aircraft,16957.0
stokes64,95106.0
stokes64s,95302.0
stormg2-27,203995.0
stormg2-8,26219.0
str_0,2729.0
str_200,4280.0
str_400,3089.0
str_600,3230.0
struct4,134616.0
sts4098,67527.0
stufe,4603.0
stufe-10,88376.0
swang1,19631.0
swang2,19394.0
sx-mathoverflow,361384.0
t2d_q4,71792.0
t2d_q9,70820.0
t2dah,121554.0
t2dah_a,121465.0
t2dah_e,120740.0
t2dal,33001.0
t2dal_a,32350.0
t2dal_bci,32097.0
t2dal_e,6532.0
t3dl_e,28420.0
t60k,218710.0
ted_B,86976.0
ted_B_unscaled,86582.0
testbig,66810.0
thermal,43319.0
tols1090,3384.0
tols2000,4829.0
tols340,1976.0
tols4000,8194.0
tols90,1571.0
tomography,15434.0
torsion1,210615.0
torso2,824542.0
tp-6,13022400.0
ts-palko,913097.0
tub100,951.0
tub1000,3596.0
tuma1,89136.0
tuma2,50781.0
tumorAntiAngiogenesis_1,2073.0
tumorAntiAngiogenesis_2,2700.0
tumorAntiAngiogenesis_3,4880.0
tumorAntiAngiogenesis_4,5288.0
tumorAntiAngiogenesis_5,5319.0
tumorAntiAngiogenesis_6,5322.0
tumorAntiAngiogenesis_7,4178.0
tumorAntiAngiogenesis_8,4347.0
turon_m,1807870.0
twotone,1455520.0
uk,17118.0
ukerbe1,16603.0
ukerbe1_dual,6450.0
ulevimin,141720.0
umistfacesnorm_10NN,5576.0
usps_norm_5NN,188439.0
utm1700b,15638.0
utm300,3022.0
utm3060,29603.0
utm5940,57241.0
venkat01,1023250.0
venkat25,1026020.0
venkat50,1023860.0
viscoplastic1,42570.0
viscorocks,672817.0
vsp_barth5_1Ksep_50in_5Kout,428550.0
vsp_befref_fxm_2_4_air02,285709.0
vsp_c-30_data_data,135050.0
vsp_data_and_seymourl,179430.0
vsp_p0291_seymourl_iiasa,167593.0
vt2010,473724.0
wang1,17687.0
wang2,17687.0
wang3,157512.0
wang4,156680.0
watson_1,989478.0
watson_2,2063020.0
watt_1,10658.0
watt_2,10913.0
wb-cs-stanford,37359.0
well1033,5512.0
well1850,9562.0
west0067,892.0
west0132,1123.0
west0156,1026.0
west0167,1171.0
west0381,3672.0
west0479,2608.0
west0497,3729.0
west0655,3443.0
west0989,4387.0
west1505,6276.0
west2021,8252.0
wheel_3_1,675.0
wheel_4_1,714.0
wheel_5_1,794.0
wheel_6_1,879.0
wheel_7_1,1024.0
whitaker3,51255.0
whitaker3_dual,70531.0
wiki-RfA,260838.0
wiki-Vote,114332.0
will199,1409.0
will57,873.0
windtunnel_evap2d,143679.0
wing,181978.0
wing_nodal,205093.0
wm1,2493.0
wm2,2526.0
wm3,2523.0
world,313824.0
worms20_10NN,381444.0
ww_36_pmec_36,1480.0
ww_vref_6405,84912.0
xenon1,807947.0
xingo3012,162498.0
xingo_afonso_itaipu,85610.0
yeast,12599.0
yeast_30NN,44719.0
young3c,4610.0
zed,1278.0
zenios,19602.0
zeros_nopss_13k,86509.0
